doc_id,category,author,author_dates,pope,pope_dates,title,url,year,document_type,language,format,text_length,error,domain,replacement_url
pope_clement_xiii__accedamus_cum_fiducia,pope,Pope Clement XIII,1758-1769,Pope Clement XIII,1758-1769,Accedamus cum fiducia,http://digilander.iol.it/magistero/c13acced.htm,,document,en,html,0,known_dead_domain,digilander.iol.it,https://www.vatican.va/content/clemens-xiii/it/documents/breve-accedamus-cum-fiducia-25-giugno-1768.html
pope_clement_xiii__pastoralis_officii,pope,Pope Clement XIII,1758-1769,Pope Clement XIII,1758-1769,Pastoralis officii,http://digilander.iol.it/magistero/c13pasto.htm,,document,en,html,0,known_dead_domain,digilander.iol.it,https://www.papalencyclicals.net/leo13/l13dul.htm
pope_clement_xiii__quam_graviter,pope,Pope Clement XIII,1758-1769,Pope Clement XIII,1758-1769,Quam graviter,http://digilander.iol.it/magistero/c13quamg.htm,,document,en,html,0,known_dead_domain,digilander.iol.it,https://www.vatican.va/content/clemens-xiii/it/documents/enciclica-quam-graviter-25-giugno-1766.html
pope_clement_xiii__quanta_auxilii,pope,Pope Clement XIII,1758-1769,Pope Clement XIII,1758-1769,Quanta auxilii,http://digilander.iol.it/magistero/c13quant.htm,,document,en,html,0,known_dead_domain,digilander.iol.it,https://www.vatican.va/content/clemens-xiii/it/documents/breve-quanta-auxilii-8-maggio-1765.html
pope_clement_xiii__quanto_in_dolore,pope,Pope Clement XIII,1758-1769,Pope Clement XIII,1758-1769,Quanto in dolore,http://digilander.iol.it/magistero/c13quaid.htm,,document,en,html,0,known_dead_domain,digilander.iol.it,https://www.vatican.va/content/clemens-xiii/it/documents/breve-quanto-in-dolore-9-giugno-1762.html
pope_clement_xiii__ubi_primum_accepimus,pope,Pope Clement XIII,1758-1769,Pope Clement XIII,1758-1769,Ubi primum accepimus,http://digilander.iol.it/magistero/c13ubipr.htm,,document,en,html,0,known_dead_domain,digilander.iol.it,https://www.vatican.va/content/clemens-xiii/it/documents/breve-ubi-primum-accepimus-14-gennaio-1764.html
pope_clement_xiii__venimus_in_altitudinem,pope,Pope Clement XIII,1758-1769,Pope Clement XIII,1758-1769,Venimus in altitudinem,http://digilander.iol.it/magistero/c13venim.htm,,document,en,html,0,known_dead_domain,digilander.iol.it,https://www.vatican.va/content/clemens-xiii/it/documents/breve-venimus-in-altitudinem-11-settembre-1758.html
pope_paul_vi__orientalium_ecclesiarum,pope,Pope Paul VI,1963-1978,Pope Paul VI,1963-1978,Orientalium Ecclesiarum,http://www.cin.org/v2east.html,,document,,error,0,fetch_failed,www.cin.org,https://www.vatican.va/archive/hist_councils/ii_vatican_council/documents/vat-ii_decree_19641121_orientalium-ecclesiarum_en.html
pope_pius_vi__ad_nostras_manus,pope,Pope Pius VI,1775-1799,Pope Pius VI,1775-1799,Ad nostras manus,http://digilander.iol.it/magistero/p6adnost.htm,,document,en,html,0,known_dead_domain,digilander.iol.it,https://www.vatican.va/content/pius-vi/it/documents/enciclica-ad-nostras-manus-31-luglio-1793.html
pope_pius_vi__adeo_nota,pope,Pope Pius VI,1775-1799,Pope Pius VI,1775-1799,Adeo nota,http://digilander.iol.it/magistero/p6adeono.htm,,document,en,html,0,known_dead_domain,digilander.iol.it,https://www.vatican.va/content/pius-vi/it/documents/enciclica-adeo-nota-23-aprile-1791.html
pope_pius_vi__ancorché_antichissimo,pope,Pope Pius VI,1775-1799,Pope Pius VI,1775-1799,Ancorché antichissimo,http://digilander.iol.it/magistero/p6ancorc.htm,,document,en,html,0,known_dead_domain,digilander.iol.it,https://www.vatican.va/content/pius-vi/it/documents/chirografo-ancorche-antichissimo-5-novembre-1791.html
pope_pius_vi__auctorem_fidei,pope,Pope Pius VI,1775-1799,Pope Pius VI,1775-1799,Auctorem fidei,http://digilander.libero.it/magistero/p6auctor.htm,,document,en,html,0,known_dead_domain,digilander.libero.it,https://www.vatican.va/content/pius-vi/it/documents/bolla-auctorem-fidei-28-agosto-1794.html
pope_pius_vi__christi_ecclesiae,pope,Pope Pius VI,1775-1799,Pope Pius VI,1775-1799,Christi Ecclesiae,http://digilander.iol.it/magistero/p6christ.htm,,document,en,html,0,known_dead_domain,digilander.iol.it,https://www.vatican.va/content/pius-vi/it/documents/bolla-christi-ecclesiae-30-dicembre-1797.html
pope_pius_vi__constantiam_vestram,pope,Pope Pius VI,1775-1799,Pope Pius VI,1775-1799,Constantiam vestram,http://digilander.iol.it/magistero/p6consta.htm,,document,en,html,0,known_dead_domain,digilander.iol.it,https://www.vatican.va/content/pius-vi/it/documents/breve-constantiam-vestram-10-novembre-1798.html
pope_pius_vi__cum_nos_superiori,pope,Pope Pius VI,1775-1799,Pope Pius VI,1775-1799,Cum nos superiori,http://digilander.iol.it/magistero/p6cumnos.htm,,document,en,html,0,known_dead_domain,digilander.iol.it,https://www.vatican.va/content/pius-vi/it/documents/bolla-cum-nos-superiori-13-novembre-1798.html
pope_pius_vi__cum_populi,pope,Pope Pius VI,1775-1799,Pope Pius VI,1775-1799,Cum populi,http://digilander.iol.it/magistero/p6cumpop.htm,,document,en,html,0,known_dead_domain,digilander.iol.it,https://www.vatican.va/content/pius-vi/it/documents/breve-cum-populi-13-aprile-1791.html
pope_pius_vi__dum_nos,pope,Pope Pius VI,1775-1799,Pope Pius VI,1775-1799,Dum nos,http://digilander.iol.it/magistero/p6dumnos.htm,,document,en,html,0,known_dead_domain,digilander.iol.it,https://www.vatican.va/content/pius-vi/it/documents/enciclica-dum-nos-19-aprile-1792.html
pope_pius_vi__ignotae_nemini,pope,Pope Pius VI,1775-1799,Pope Pius VI,1775-1799,Ignotae nemini,http://digilander.iol.it/magistero/p6ignota.htm,,document,en,html,0,known_dead_domain,digilander.iol.it,https://www.vatican.va/content/pius-vi/it/documents/enciclica-ignotae-nemini-21-novembre-1792.html
pope_pius_vi__in_gravissimis,pope,Pope Pius VI,1775-1799,Pope Pius VI,1775-1799,In gravissimis,http://digilander.iol.it/magistero/p6ingrav.htm,,document,en,html,0,known_dead_domain,digilander.iol.it,https://www.vatican.va/content/pius-vi/it/documents/enciclica-in-gravissimis-19-marzo-1792.html
pope_pius_vi__novae_hae_litterae,pope,Pope Pius VI,1775-1799,Pope Pius VI,1775-1799,Novae hae litterae,http://digilander.iol.it/magistero/p6novaeh.htm,,document,en,html,0,known_dead_domain,digilander.iol.it,https://www.vatican.va/content/pius-vi/it/documents/enciclica-novae-hae-litterae-19-marzo-1792.html
pope_pius_vi__nuper_pro,pope,Pope Pius VI,1775-1799,Pope Pius VI,1775-1799,Nuper pro,http://digilander.iol.it/magistero/p6nuperp.htm,,document,en,html,0,known_dead_domain,digilander.iol.it,https://www.vatican.va/content/pius-vi/it/documents/breve-nuper-pro-6-marzo-1779.html
pope_pius_vi__perpensis_circumstantiis,pope,Pope Pius VI,1775-1799,Pope Pius VI,1775-1799,Perpensis circumstantiis,http://digilander.iol.it/magistero/p6perpen.htm,,document,en,html,0,known_dead_domain,digilander.iol.it,https://www.vatican.va/content/pius-vi/it/documents/dichiarazione-perpensis-circumstantiis-10-dicembre-1792.html
pope_pius_vi__quae_causa,pope,Pope Pius VI,1775-1799,Pope Pius VI,1775-1799,Quae causa,http://digilander.iol.it/magistero/p6quaeca.htm,,document,en,html,0,known_dead_domain,digilander.iol.it,https://www.vatican.va/content/pius-vi/it/documents/breve-quae-causa-24-novembre-1792.html
pope_pius_vi__quare_lacrymae,pope,Pope Pius VI,1775-1799,Pope Pius VI,1775-1799,Quare lacrymae,http://digilander.iol.it/magistero/p6quarel.htm,,document,en,html,0,known_dead_domain,digilander.iol.it,https://www.vatican.va/content/pius-vi/it/documents/allocuzione-quare-lacrymae-17-giugno-1793.html
pope_pius_vi__quo_fluctu,pope,Pope Pius VI,1775-1799,Pope Pius VI,1775-1799,Quo fluctu,http://digilander.iol.it/magistero/p6quoflu.htm,,document,en,html,0,known_dead_domain,digilander.iol.it,https://www.vatican.va/content/pius-vi/it/documents/breve-quo-fluctu-30-maggio-1792.html
pope_pius_vi__quo_luctu,pope,Pope Pius VI,1775-1799,Pope Pius VI,1775-1799,Quo luctu,http://digilander.iol.it/magistero/p6quoluc.htm,,document,en,html,0,known_dead_domain,digilander.iol.it,https://www.vatican.va/content/pius-vi/it/documents/breve-quo-fluctu-30-maggio-1792.html
pope_pius_vi__quod_aliquantum,pope,Pope Pius VI,1775-1799,Pope Pius VI,1775-1799,Quod aliquantum,http://digilander.iol.it/magistero/p6quodal.htm,,document,en,html,0,known_dead_domain,digilander.iol.it,https://www.vatican.va/content/pius-vi/it/documents/breve-quod-aliquantum-10-marzo-1791.html
pope_pius_vi__quoties_animo,pope,Pope Pius VI,1775-1799,Pope Pius VI,1775-1799,Quoties animo,http://digilander.iol.it/magistero/p6quotie.htm,,document,en,html,0,known_dead_domain,digilander.iol.it,https://www.vatican.va/content/pius-vi/it/documents/breve-quoties-animo-13-agosto-1799.html
pope_pius_vi__summa_dei,pope,Pope Pius VI,1775-1799,Pope Pius VI,1775-1799,Summa Dei,http://digilander.iol.it/magistero/p6summad.htm,,document,en,html,0,known_dead_domain,digilander.iol.it,https://www.vatican.va/content/pius-vi/it/documents/bolla-summa-dei-25-dicembre-1775.html
pope_pius_vi__super_soliditate,pope,Pope Pius VI,1775-1799,Pope Pius VI,1775-1799,Super soliditate,http://digilander.iol.it/magistero/p6supers.htm,,document,en,html,0,known_dead_domain,digilander.iol.it,https://www.vatican.va/content/pius-vi/it/documents/breve-super-soliditate-petrae-28-novembre-1786.html
pope_pius_vi__ubi_communis,pope,Pope Pius VI,1775-1799,Pope Pius VI,1775-1799,Ubi communis,http://digilander.iol.it/magistero/p6ubicom.htm,,document,en,html,0,known_dead_domain,digilander.iol.it,https://www.vatican.va/content/pius-vi/it/documents/breve-ubi-communis-4-aprile-1792.html
pope_pius_vi__ubi_lutetiam,pope,Pope Pius VI,1775-1799,Pope Pius VI,1775-1799,Ubi lutetiam,http://digilander.iol.it/magistero/p6ubilut.htm,,document,en,html,0,known_dead_domain,digilander.iol.it,https://www.vatican.va/content/pius-vi/it/documents/enciclica-ubi-lutetiam-13-giugno-1792.html
pope_pius_vii__il_trionfo,pope,Pope Pius VII,1800-1823,Pope Pius VII,1800-1823,Il trionfo,http://digilander.iol.it/magistero/p7iltrio.htm,,document,en,html,0,known_dead_domain,digilander.iol.it,https://www.vatican.va/content/pius-vii/it/documents/enciclica-il-trionfo-4-maggio-1814.html
