pope_label,pope_card_url,pope_slug,pope_home_url
"Leo XIV 8,18.V.2025 --/--/--",https://www.vatican.va/content/vatican/en/holy-father/leone-xiv.html,leo-xiv,https://www.vatican.va/content/leo-xiv/en.html
"Francis 13,19.III.2013 21.IV.2025",https://www.vatican.va/content/vatican/en/holy-father/francesco.html,francesco,https://www.vatican.va/content/francesco/en.html
"Benedict XVI 19,24.IV.2005 28.II.2013",https://www.vatican.va/content/vatican/en/holy-father/benedetto-xvi.html,benedict-xvi,http://www.vatican.va/content/benedict-xvi/en.html
"John Paul II 16,22.X.1978 2.IV.2005",https://www.vatican.va/content/vatican/en/holy-father/giovanni-paolo-ii.html,john-paul-ii,http://www.vatican.va/content/john-paul-ii/en.html
"John Paul I 26.VIII, 3.IX.1978 28.IX.1978",https://www.vatican.va/content/vatican/en/holy-father/giovanni-paolo-i.html,john-paul-i,http://www.vatican.va/content/john-paul-i/en.html
"Paul VI 21,30.VI.1963 6.VIII.1978",https://www.vatican.va/content/vatican/en/holy-father/paolo-vi.html,paul-vi,http://www.vatican.va/content/paul-vi/en.html
"John XXIII 28.X, 4.XI.1958 3.VI.1963",https://www.vatican.va/content/vatican/en/holy-father/giovanni-xxiii.html,john-xxiii,https://www.vatican.va/content/john-xxiii/en.html
"Pius XII 2,12.III.1939 9.X.1958",https://www.vatican.va/content/vatican/en/holy-father/pio-xii.html,pius-xii,http://w2.vatican.va/content/pius-xii/en.html
"Pius XI 6,12.II.1922 10.II.1939",https://www.vatican.va/content/vatican/en/holy-father/pio-xi.html,pius-xi,http://w2.vatican.va/content/pius-xi/en.html
"Benedict XV 3,6.IX.1914 22.I.1922",https://www.vatican.va/content/vatican/en/holy-father/benedetto-xv.html,benedict-xv,https://www.vatican.va/content/benedict-xv/en.html
"Pius X 4,9.VIII.1903 20.VIII.1914",https://www.vatican.va/content/vatican/en/holy-father/pio-x.html,pius-x,https://www.vatican.va/content/pius-x/en.html
"Leo XIII 20.II, 3.III.1878 20.VII.1903",https://www.vatican.va/content/vatican/en/holy-father/leone-xiii.html,leo-xiii,https://www.vatican.va/content/leo-xiii/en.html
"Clement XII 12,16.VII.1730 6.II.1740",https://www.vatican.va/content/vatican/en/holy-father/clemente-xii.html,clement-xii,https://www.vatican.va/content/clement-xii/en.html
"Benedict XIII 29.V, 4.VI.1724 21.II.1730",https://www.vatican.va/content/vatican/en/holy-father/benedetto-xiii.html,benedict-xiii,https://www.vatican.va/content/benedict-xiii/en.html
"Innocent XIII 8,18.V.1721 7.III.1724",https://www.vatican.va/content/vatican/en/holy-father/innocenzo-xiii.html,innocent-xiii,https://www.vatican.va/content/innocent-xiii/en.html
"Clement XI 23,30.XI, 8.XII.1700 19.III.1721",https://www.vatican.va/content/vatican/en/holy-father/clemente-xi.html,clement-xi,https://www.vatican.va/content/clement-xi/en.html
"Innocent XII 12,15.VII.1691 27.IX.1700",https://www.vatican.va/content/vatican/en/holy-father/innocenzo-xii.html,innocent-xii,https://www.vatican.va/content/innocent-xii/en.html
"Alexander VIII 6,16.X.1689 1.II.1691",https://www.vatican.va/content/vatican/en/holy-father/alessandro-viii.html,alexander-viii,https://www.vatican.va/content/alexander-viii/en.html
"Innocent XI 21.IX, 4.X.1676 12.VIII.1689",https://www.vatican.va/content/vatican/en/holy-father/innocenzo-xi.html,innocent-xi,https://www.vatican.va/content/innocent-xi/en.html
"Clement X 29.IV,11.V.1670 22.VII.1676",https://www.vatican.va/content/vatican/en/holy-father/clemente-x.html,clement-x,https://www.vatican.va/content/clement-x/en.html
"Clement IX 20,26.VI.1667 9.XII.1669",https://www.vatican.va/content/vatican/en/holy-father/clemente-ix.html,clement-ix,https://www.vatican.va/content/clement-ix/en.html
"Alexander VII 7,18.IV.1655 22.V.1667",https://www.vatican.va/content/vatican/en/holy-father/alessandro-vii.html,alexander-vii,https://www.vatican.va/content/alexander-vii/en.html
"Innocent X 15.IX,4.X.1644 7.I.1655",https://www.vatican.va/content/vatican/en/holy-father/innocenzo-x.html,innocent-x,https://www.vatican.va/content/innocent-x/en.html
"Urban VIII 6.VIII, 29.IX.1623 29.VII.1644",https://www.vatican.va/content/vatican/en/holy-father/urbano-viii.html,urban-viii,https://www.vatican.va/content/urban-viii/en.html
"Gregory XV 9,14.II.1621 8.VII.1623",https://www.vatican.va/content/vatican/en/holy-father/gregorio-xv.html,gregory-xv,https://www.vatican.va/content/gregory-xv/en.html
"Paul V 16,29.V.1605 28.I.1621",https://www.vatican.va/content/vatican/en/holy-father/paolo-v.html,paul-v,https://www.vatican.va/content/paul-v/en.html
"Leo XI 1,10.IV.1605 27.IV.1605",https://www.vatican.va/content/vatican/en/holy-father/leone-xi.html,leo-xiv,https://www.vatican.va/content/leo-xiv/en.html
"Clement VIII 30.I,9.II.1592 3.III.1605",https://www.vatican.va/content/vatican/en/holy-father/clemente-viii.html,clement-viii,https://www.vatican.va/content/clement-viii/en.html
"Innocent IX 29.X,3.XI.1591 30.XII.1591",https://www.vatican.va/content/vatican/en/holy-father/innocenzo-ix.html,innocent-ix,https://www.vatican.va/content/innocent-ix/en.html
"Gregory XIV 5,8.XII.1590 16.X.1591",https://www.vatican.va/content/vatican/en/holy-father/gregorio-xiv.html,leo-xiv,https://www.vatican.va/content/leo-xiv/en.html
Urban VII 15.IX.1590 27.IX.1590,https://www.vatican.va/content/vatican/en/holy-father/urbano-vii.html,urban-vii,https://www.vatican.va/content/urban-vii/en.html
"Sixtus V 24.IV, 1.V.1585 27.VIII.1590",https://www.vatican.va/content/vatican/en/holy-father/sisto-v.html,sixtus-v,https://www.vatican.va/content/sixtus-v/en.html
"Gregory XIII 13,25.V.1572 10.IV.1585",https://www.vatican.va/content/vatican/en/holy-father/gregorio-xiii.html,gregory-xiii,https://www.vatican.va/content/gregory-xiii/en.html
"Pius V 7,17.I.1566 1.V.1572",https://www.vatican.va/content/vatican/en/holy-father/pio-v.html,pius-v,https://www.vatican.va/content/pius-v/en.html
"Pius IV 26.XII.1559, 6.I.1560 9.XII.1565",https://www.vatican.va/content/vatican/en/holy-father/pio-iv.html,pius-iv,https://www.vatican.va/content/pius-iv/en.html
"Paul IV 23,26.V.1555 18.VIII.1559",https://www.vatican.va/content/vatican/en/holy-father/paolo-iv.html,paul-iv,https://www.vatican.va/content/paul-iv/en.html
"Marcellus II 9,10.IV.1555 1.V.1555",https://www.vatican.va/content/vatican/en/holy-father/marcello-ii.html,marcello-ii,https://www.vatican.va/content/marcello-ii/en.html
"Julius III 7,22.II.1550 23.III.1555",https://www.vatican.va/content/vatican/en/holy-father/giulio-iii.html,julius-iii,https://www.vatican.va/content/julius-iii/en.html
"Paul III 13.X, 3.XI.1534 10.XI.1549",https://www.vatican.va/content/vatican/en/holy-father/paolo-iii.html,paul-iii,https://www.vatican.va/content/paul-iii/en.html
"Clement VII 19,26.XI.1523 25.IX.1534",https://www.vatican.va/content/vatican/en/holy-father/clemente-vii.html,clement-vii,https://www.vatican.va/content/clement-vii/en.html
"Adrian VI 9.I,31.VIII.1522 14.IX.1523",https://www.vatican.va/content/vatican/en/holy-father/adriano-vi.html,adrian-vi,https://www.vatican.va/content/adrian-vi/en.html
"Leo X 11,19.III.1513 1.XII.1521",https://www.vatican.va/content/vatican/en/holy-father/leone-x.html,leo-xiv,https://www.vatican.va/content/leo-xiv/en.html
"Julius II 1,26.XI.1503 21.II.1513",https://www.vatican.va/content/vatican/en/holy-father/giulio-ii.html,julius-ii,https://www.vatican.va/content/julius-ii/en.html
"Pius III 22.IX, 1,8.X.1503 18.X.1503",https://www.vatican.va/content/vatican/en/holy-father/pio-iii.html,pius-iii,https://www.vatican.va/content/pius-iii/en.html
"Alexander VI 11,26.VIII.1492 18.VIII.1503",https://www.vatican.va/content/vatican/en/holy-father/alessandro-vi.html,alexander-vi,https://www.vatican.va/content/alexander-vi/en.html
"Innocent VIII 29.VIII, 12.IX.1484 25.VII.1492",https://www.vatican.va/content/vatican/en/holy-father/innocenzo-viii.html,innocent-viii,https://www.vatican.va/content/innocent-viii/en.html
"Sixtus IV 1,9,25.VIII.1471 12.VIII.1484",https://www.vatican.va/content/vatican/en/holy-father/sisto-iv.html,sixtus-iv,https://www.vatican.va/content/sixtus-iv/en.html
"Paul II 30.VIII, 16.IX.1464 26.VII.1471",https://www.vatican.va/content/vatican/en/holy-father/paolo-ii.html,paul-ii,https://www.vatican.va/content/paul-ii/en.html
"Pius II 19.VIII, 3.IX.1458 14.VIII.1464",https://www.vatican.va/content/vatican/en/holy-father/pio-ii.html,pius-ii,https://www.vatican.va/content/pius-ii/en.html
"Callixtus III 8,20.IV.1455 6.VIII.1458",https://www.vatican.va/content/vatican/en/holy-father/callisto-iii.html,callixtus-iii,https://www.vatican.va/content/callixtus-iii/en.html
"Nicholas V 6,19.III.1447 24.III.1455",https://www.vatican.va/content/vatican/en/holy-father/niccolo-v.html,nicholas-v,https://www.vatican.va/content/nicholas-v/en.html
"Martin V 11,21.XI.1417 20.II.1431",https://www.vatican.va/content/vatican/en/holy-father/martino-v.html,martin-v,https://www.vatican.va/content/martin-v/en.html
"Gregory XII 30.XI,19.XII.1406 4.VII.1415",https://www.vatican.va/content/vatican/en/holy-father/gregorio-xii.html,gregory-xii,https://www.vatican.va/content/gregory-xii/en.html
"Innocent VII 17.X,11.XI.1404 6.XI.1406",https://www.vatican.va/content/vatican/en/holy-father/innocenzo-vii.html,innocent-vii,https://www.vatican.va/content/innocent-vii/en.html
"Boniface IX 2,9.XI.1389 1.X.1404",https://www.vatican.va/content/vatican/en/holy-father/bonifacio-ix.html,boniface-ix,https://www.vatican.va/content/boniface-ix/en.html
"Urban VI 8,18.IV.1378 15.X.1389",https://www.vatican.va/content/vatican/en/holy-father/urbano-vi.html,urban-vi,https://www.vatican.va/content/urban-vi/en.html
"Gregory XI 30.XII.1370, 3.I.1371 26.III.1378",https://www.vatican.va/content/vatican/en/holy-father/gregorio-xi.html,gregory-xi,https://www.vatican.va/content/gregory-xi/en.html
"Urban V 28.IX,6.XI.1362 19.XII.1370",https://www.vatican.va/content/vatican/en/holy-father/urbano-v.html,urban-v,https://www.vatican.va/content/urban-v/en.html
"Innocent VI 18,30.XII.1352 12.IX.1362",https://www.vatican.va/content/vatican/en/holy-father/innocenzo-vi.html,innocent-vi,https://www.vatican.va/content/innocent-vi/en.html
"John XXII 7.VIII,5.IX.1316 4.XII.1334",https://www.vatican.va/content/vatican/en/holy-father/giovanni-xxii.html,john-xxii,https://www.vatican.va/content/john-xxii/en.html
"Clement V 5.VI, 14.XI.1305 20.IV.1314",https://www.vatican.va/content/vatican/en/holy-father/clemente-v.html,clement-v,https://www.vatican.va/content/clement-v/en.html
"Benedict XI 22,27.X.1303 7.VII.1304",https://www.vatican.va/content/vatican/en/holy-father/benedetto-xi.html,benedict-xi,https://www.vatican.va/content/benedict-xi/en.html
"Boniface VIII 24.XII.1294, 23.I.1295 11.X.1303",https://www.vatican.va/content/vatican/en/holy-father/bonifacio-viii.html,boniface-viii,https://www.vatican.va/content/boniface-viii/en.html
"Celestine V 5.VII, 29.VIII.1294 13.XII.1294",https://www.vatican.va/content/vatican/en/holy-father/celestino-v.html,celestine-v,https://www.vatican.va/content/celestine-v/en.html
Nicholas IV 22.II.1288 4.IV.1292,https://www.vatican.va/content/vatican/en/holy-father/niccolo-iv.html,nicholas-iv,https://www.vatican.va/content/nicholas-iv/en.html
"Honorius IV 2.IV, 20.V.1285 3.IV.1287",https://www.vatican.va/content/vatican/en/holy-father/onorio-iv.html,honorius-iv,https://www.vatican.va/content/honorius-iv/en.html
"Martin IV 22.II,23.III.1281 29.III.1285",https://www.vatican.va/content/vatican/en/holy-father/martino-iv.html,martin-iv,https://www.vatican.va/content/martin-iv/en.html
"Nicholas III 25.XI, 26.XII.1277 22.VIII.1280",https://www.vatican.va/content/vatican/en/holy-father/niccolo-iii.html,nicholas-iii,https://www.vatican.va/content/nicholas-iii/en.html
"John XXI 16,20.IX.1276 20.V.1277",https://www.vatican.va/content/vatican/en/holy-father/giovanni-xxi.html,john-xxi,https://www.vatican.va/content/john-xxi/en.html
Adrian V 11.VII.1276 18.VIII.1276,https://www.vatican.va/content/vatican/en/holy-father/adriano-v.html,adrian-v,https://www.vatican.va/content/adrian-v/en.html
"Innocent V 21.I,22.II.1276 22.VI.1276",https://www.vatican.va/content/vatican/en/holy-father/innocenzo-v.html,innocent-v,https://www.vatican.va/content/innocent-v/en.html
"Gregory X 1.IX.1271,27.III.1272 10.I.1276",https://www.vatican.va/content/vatican/en/holy-father/gregorio-x.html,gregory-x,https://www.vatican.va/content/gregory-x/en.html
"Clement IV 5,22.II.1265 29.XI.1268",https://www.vatican.va/content/vatican/en/holy-father/clemente-iv.html,clement-iv,https://www.vatican.va/content/clement-iv/en.html
"Alexander IV 12,20.XII.1254 25.V.1261",https://www.vatican.va/content/vatican/en/holy-father/alessandro-iv.html,alexander-iv,https://www.vatican.va/content/alexander-iv/en.html
"Celestine IV 25,28.X.1241 10.XI.1241",https://www.vatican.va/content/vatican/en/holy-father/celestino-iv.html,celestine-iv,https://www.vatican.va/content/celestine-iv/en.html
"Honorius III 18,24.VII.1216 18.III.1227",https://www.vatican.va/content/vatican/en/holy-father/onorio-iii.html,honorius-iii,https://www.vatican.va/content/honorius-iii/en.html
"Innocent III 8.I,22.II.1198 16.VII.1216",https://www.vatican.va/content/vatican/en/holy-father/innocenzo-iii.html,innocent-iii,https://www.vatican.va/content/innocent-iii/en.html
"Celestine III 10,14.IV.1191 8.I.1198",https://www.vatican.va/content/vatican/en/holy-father/celestino-iii.html,celestine-iii,https://www.vatican.va/content/celestine-iii/en.html
"Clement III 19,20.XII.1187 ...III.1191",https://www.vatican.va/content/vatican/en/holy-father/clemente-iii.html,clement-iii,https://www.vatican.va/content/clement-iii/en.html
Gregory VIII 21.25.X.1187 17.XII.1187,https://www.vatican.va/content/vatican/en/holy-father/gregorio-viii.html,gregory-viii,https://www.vatican.va/content/gregory-viii/en.html
"Urban III 25.XI,1.XII.1185 20.X.1187",https://www.vatican.va/content/vatican/en/holy-father/urbano-iii.html,urban-iii,https://www.vatican.va/content/urban-iii/en.html
Lucius III 1. 6.IX.1181 25.IX.1185,https://www.vatican.va/content/vatican/en/holy-father/lucio-iii.html,lucius-iii,https://www.vatican.va/content/lucius-iii/en.html
"Alexander III 7,20.IX.1159 30.VIII.1181",https://www.vatican.va/content/vatican/en/holy-father/alessandro-iii.html,alexander-iii,https://www.vatican.va/content/alexander-iii/en.html
"Adrian IV 4,5.XII.1154 1.IX.1159",https://www.vatican.va/content/vatican/en/holy-father/adriano-iv.html,adrian-iv,https://www.vatican.va/content/adrian-iv/en.html
Anastasius IV 12.VII.1153 3.XII.1154,https://www.vatican.va/content/vatican/en/holy-father/anastasio-iv.html,anastasius-iv,https://www.vatican.va/content/anastasius-iv/en.html
"Eugene III 15,18.II.1145 8.VII.1153",https://www.vatican.va/content/vatican/en/holy-father/eugenio-iii.html,eugene-iii,https://www.vatican.va/content/eugene-iii/en.html
Lucius II 12.III.1144 15.II.1145,https://www.vatican.va/content/vatican/en/holy-father/lucio-ii.html,lucius-ii,https://www.vatican.va/content/lucius-ii/en.html
"Celestine II 26.IX,3.X.1143 8.III.1144",https://www.vatican.va/content/vatican/en/holy-father/celestino-ii.html,celestine-ii,https://www.vatican.va/content/celestine-ii/en.html
"Innocent II 14,23.II.1130 24.IX.1143",https://www.vatican.va/content/vatican/en/holy-father/innocenzo-ii.html,innocent-ii,https://www.vatican.va/content/innocent-ii/en.html
"Honorius II 15,21.XII.1124 13 or 14.II.1130",https://www.vatican.va/content/vatican/en/holy-father/onorio-ii.html,honorius-ii,https://www.vatican.va/content/honorius-ii/en.html
"Callixtus II 2,9.II.1119 13 or 14.XII.1124",https://www.vatican.va/content/vatican/en/holy-father/callisto-ii.html,callixtus-ii,https://www.vatican.va/content/callixtus-ii/en.html
"Gelasius II 24.I,10.III.1118 28.I.1119",https://www.vatican.va/content/vatican/en/holy-father/gelasio-ii.html,gelasio-ii,https://www.vatican.va/content/gelasio-ii/en.html
"Paschal II 13,14.VIII.1099 21.I.1118",https://www.vatican.va/content/vatican/en/holy-father/pasquale-ii.html,pasquale-ii,https://www.vatican.va/content/pasquale-ii/en.html
Urban II 12.III.1088 29.VII.1099,https://www.vatican.va/content/vatican/en/holy-father/urbano-ii.html,urban-ii,https://www.vatican.va/content/urban-ii/en.html
"Victor III 24.V.1086, 9.V.1087 16.IX.1087",https://www.vatican.va/content/vatican/en/holy-father/vittore-iii.html,vittore-iii,https://www.vatican.va/content/vittore-iii/en.html
"Gregory VII 22.IV,30.VI.1073 25.V.1085",https://www.vatican.va/content/vatican/en/holy-father/gregorio-vii.html,gregory-vii,https://www.vatican.va/content/gregory-vii/en.html
"Alexander II 30.IX, 1.X.1061 21.IV.1073",https://www.vatican.va/content/vatican/en/holy-father/alessandro-ii.html,alexander-ii,https://www.vatican.va/content/alexander-ii/en.html
"Nicholas II ...XII.1058, 24.I.1059 27.VII.1061",https://www.vatican.va/content/vatican/en/holy-father/niccolo-ii.html,nicholas-ii,https://www.vatican.va/content/nicholas-ii/en.html
"Stephen IX 2,3.VIII.1057 29.III.1058",https://www.vatican.va/content/vatican/en/holy-father/stefano-ix--x.html,stephen-ix--x,https://www.vatican.va/content/stephen-ix--x/en.html
Victor II 13.IV.1055 28.VII.1057,https://www.vatican.va/content/vatican/en/holy-father/vittore-ii.html,vittore-ii,https://www.vatican.va/content/vittore-ii/en.html
"Leo IX 2,12.II.1049 19.IV.1054",https://www.vatican.va/content/vatican/en/holy-father/leone-ix.html,leo-xiv,https://www.vatican.va/content/leo-xiv/en.html
Damasus II 17.VII.1048 9.VIII.1048,https://www.vatican.va/content/vatican/en/holy-father/damaso-ii.html,damasus-ii,https://www.vatican.va/content/damasus-ii/en.html
Benedict IX ...X.1047 ... VIII.1048,https://www.vatican.va/content/vatican/en/holy-father/benedetto-ix-3.html,benedict-ix-3,https://www.vatican.va/content/benedict-ix-3/en.html
Clement II 24.XII.1046 9.X.1047,https://www.vatican.va/content/vatican/en/holy-father/clemente-ii.html,clement-ii,https://www.vatican.va/content/clement-ii/en.html
Gregory VI 1.V.1045 20.XII.1046,https://www.vatican.va/content/vatican/en/holy-father/gregorio-vi.html,gregory-vi,https://www.vatican.va/content/gregory-vi/en.html
Benedict IX 10.III.1045 1.V.1045,https://www.vatican.va/content/vatican/en/holy-father/benedetto-ix-2.html,benedict-ix-2,https://www.vatican.va/content/benedict-ix-2/en.html
Sylvester III 13 or 20.I.1045 ...III.1045,https://www.vatican.va/content/vatican/en/holy-father/silvestro-iii.html,sylvester-iii,https://www.vatican.va/content/sylvester-iii/en.html
Benedict IX ...VIII or IX.1032 ...IX.1044,https://www.vatican.va/content/vatican/en/holy-father/benedetto-ix-1.html,benedict-ix-1,https://www.vatican.va/content/benedict-ix-1/en.html
John XIX 19.IV.1024 ...1032,https://www.vatican.va/content/vatican/en/holy-father/giovanni-xix.html,john-xix,https://www.vatican.va/content/john-xix/en.html
Benedict VIII 18.V.1012 9.IV.1024,https://www.vatican.va/content/vatican/en/holy-father/benedetto-viii.html,benedict-viii,https://www.vatican.va/content/benedict-viii/en.html
Sergius IV 31.VII.1009 12.V.1012,https://www.vatican.va/content/vatican/en/holy-father/sergio-iv.html,sergius-iv,https://www.vatican.va/content/sergius-iv/en.html
John XVIII 25.XII.1003 ...VI or VII.1009,https://www.vatican.va/content/vatican/en/holy-father/giovanni-xviii.html,john-xviii,https://www.vatican.va/content/john-xviii/en.html
John XVII 16.V.1003 6.XI.1003,https://www.vatican.va/content/vatican/en/holy-father/giovanni-xvii.html,john-xvii,https://www.vatican.va/content/john-xvii/en.html
Sylvester II 2.IV.999 12.V.1003,https://www.vatican.va/content/vatican/en/holy-father/silvestro-ii.html,sylvester-ii,https://www.vatican.va/content/sylvester-ii/en.html
Gregory V 3.V.996 ...II or III.999,https://www.vatican.va/content/vatican/en/holy-father/gregorio-v.html,gregory-v,https://www.vatican.va/content/gregory-v/en.html
John XV ...VIII.985 ...III.996,https://www.vatican.va/content/vatican/en/holy-father/giovanni-xv.html,john-xv,https://www.vatican.va/content/john-xv/en.html
John XIV ...XI or XII.983 20.VIII.984,https://www.vatican.va/content/vatican/en/holy-father/giovanni-xiv.html,leo-xiv,https://www.vatican.va/content/leo-xiv/en.html
Benedict VII ...X.974 10.VII.983,https://www.vatican.va/content/vatican/en/holy-father/benedetto-vii.html,benedict-vii,https://www.vatican.va/content/benedict-vii/en.html
"Benedict VI ...XII.972, 19.I.973 ...VII.974",https://www.vatican.va/content/vatican/en/holy-father/benedetto-vi.html,benedict-vi,https://www.vatican.va/content/benedict-vi/en.html
John XIII 1.X.965 6.IX.972,https://www.vatican.va/content/vatican/en/holy-father/giovanni-xiii.html,john-xiii,https://www.vatican.va/content/john-xiii/en.html
Benedict V ...V.964 4.VII.964 or 965,https://www.vatican.va/content/vatican/en/holy-father/benedetto-v.html,benedict-v,https://www.vatican.va/content/benedict-v/en.html
"Leo VIII 4,6.XII.963 ...III.965",https://www.vatican.va/content/vatican/en/holy-father/leone-viii.html,leo-xiv,https://www.vatican.va/content/leo-xiv/en.html
John XII 16.XII.955 14.V.964,https://www.vatican.va/content/vatican/en/holy-father/giovanni-xii.html,john-xii,https://www.vatican.va/content/john-xii/en.html
Agapetus II 10.V.946 ...XII.955,https://www.vatican.va/content/vatican/en/holy-father/agapito-ii.html,agapetus-ii,https://www.vatican.va/content/agapetus-ii/en.html
"Marinus II 30.X,...XI.942 ...V.946",https://www.vatican.va/content/vatican/en/holy-father/marino-ii.html,marinus-ii,https://www.vatican.va/content/marinus-ii/en.html
Stephen VIII 14.VII.939 ... X.942,https://www.vatican.va/content/vatican/en/holy-father/stefano-viii--ix.html,stephen-viii--ix,https://www.vatican.va/content/stephen-viii--ix/en.html
Leo VII ...I.936 13.VII.939,https://www.vatican.va/content/vatican/en/holy-father/leone-vii.html,leo-xiv,https://www.vatican.va/content/leo-xiv/en.html
John XI ...III.931 ...I.936,https://www.vatican.va/content/vatican/en/holy-father/giovanni-xi0.html,john-xi0,https://www.vatican.va/content/john-xi0/en.html
Stephen VII ...I.929 ...II.931,https://www.vatican.va/content/vatican/en/holy-father/stefano-vii--viii.html,stephen-vii--viii,https://www.vatican.va/content/stephen-vii--viii/en.html
Leo VI ... V or VI.928 ... XII.928 or I.929,https://www.vatican.va/content/vatican/en/holy-father/leone-vi.html,leo-xiv,https://www.vatican.va/content/leo-xiv/en.html
John X ... III or IV.914 ... V or VI.928,https://www.vatican.va/content/vatican/en/holy-father/giovanni-x.html,john-x,https://www.vatican.va/content/john-x/en.html
Lando ... VII or XI.913 ... III.914,https://www.vatican.va/content/vatican/en/holy-father/landone.html,lando,https://www.vatican.va/content/lando/en.html
Anastasius III ... VI or IX.911 ... VI or VIII or X.913,https://www.vatican.va/content/vatican/en/holy-father/anastasio-iii.html,anastasius-iii,https://www.vatican.va/content/anastasius-iii/en.html
Sergius III 29.I.904 14.IV.911,https://www.vatican.va/content/vatican/en/holy-father/sergio-iii.html,sergius-iii,https://www.vatican.va/content/sergius-iii/en.html
Leo V ... VII.903 ... IX.903,https://www.vatican.va/content/vatican/en/holy-father/leone-v.html,leo-xiv,https://www.vatican.va/content/leo-xiv/en.html
Benedict IV ...I-V.900 ...VII.903,https://www.vatican.va/content/vatican/en/holy-father/benedetto-iv.html,benedict-iv,https://www.vatican.va/content/benedict-iv/en.html
John IX ..XII.897 or I.898 ...I-V.900,https://www.vatican.va/content/vatican/en/holy-father/giovanni-ix.html,john-ix,https://www.vatican.va/content/john-ix/en.html
Theodore II ...XII.897 ...XII.897 or I.898,https://www.vatican.va/content/vatican/en/holy-father/teodoro-ii.html,theodore-ii,https://www.vatican.va/content/theodore-ii/en.html
Romanus ...VII or VIII.897 ...XI.897,https://www.vatican.va/content/vatican/en/holy-father/romano.html,romano,https://www.vatican.va/content/romano/en.html
Stephen VI ...V or VI.896 ...VII or VIII.897,https://www.vatican.va/content/vatican/en/holy-father/stefano-vi--vii.html,stephen-vi--vii,https://www.vatican.va/content/stephen-vi--vii/en.html
Boniface VI 11.IV.896 26.IV.896,https://www.vatican.va/content/vatican/en/holy-father/bonifacio-vi.html,boniface-vi,https://www.vatican.va/content/boniface-vi/en.html
Formosus 6.X.891 4.IV.896,https://www.vatican.va/content/vatican/en/holy-father/formoso.html,formoso,https://www.vatican.va/content/formoso/en.html
Stephen V ...IX.885 14.IX.891,https://www.vatican.va/content/vatican/en/holy-father/stefano-v--vi.html,stephen-v--vi,https://www.vatican.va/content/stephen-v--vi/en.html
Adrian III 17.V.884 ...VIII or IX.885,https://www.vatican.va/content/vatican/en/holy-father/adriano-iii.html,adrian-iii,https://www.vatican.va/content/adrian-iii/en.html
Marinus I ... XII.882 15.V.884,https://www.vatican.va/content/vatican/en/holy-father/marino-i.html,marinus-i,https://www.vatican.va/content/marinus-i/en.html
John VIII 14.XII.872 16.XII.882,https://www.vatican.va/content/vatican/en/holy-father/giovanni-viii0.html,john-viii0,https://www.vatican.va/content/john-viii0/en.html
Adrian II 14.XII.867 ...XI or XII.872,https://www.vatican.va/content/vatican/en/holy-father/adriano-ii.html,adrian-ii,https://www.vatican.va/content/adrian-ii/en.html
Nicholas I 24.IV.858 13.XI.867,https://www.vatican.va/content/vatican/en/holy-father/niccolo-il-grande.html,nicholas-il-grande,https://www.vatican.va/content/nicholas-il-grande/en.html
"Benedict III ...VII, 29.IX.855 17.IV.858",https://www.vatican.va/content/vatican/en/holy-father/benedetto-iii.html,benedict-iii,https://www.vatican.va/content/benedict-iii/en.html
"Leo IV ...I,10.V.847 17.VII.855",https://www.vatican.va/content/vatican/en/holy-father/leone-iv.html,leo-xiv,https://www.vatican.va/content/leo-xiv/en.html
Sergius II 25.I.844 27.I.847,https://www.vatican.va/content/vatican/en/holy-father/sergio-ii.html,sergius-ii,https://www.vatican.va/content/sergius-ii/en.html
"Gregory IV ... IX.827, 29.III.828 25.I.844",https://www.vatican.va/content/vatican/en/holy-father/gregorio-iv.html,gregory-iv,https://www.vatican.va/content/gregory-iv/en.html
Valentine ... VIII.827 ...IX.827,https://www.vatican.va/content/vatican/en/holy-father/valentino.html,valentino,https://www.vatican.va/content/valentino/en.html
Eugene II ... II-V.824 ...VIII.827,https://www.vatican.va/content/vatican/en/holy-father/eugenio-ii.html,eugene-ii,https://www.vatican.va/content/eugene-ii/en.html
Paschal I 25.I.817 ... II-V.824,https://www.vatican.va/content/vatican/en/holy-father/pasquale-i.html,pasquale-i,https://www.vatican.va/content/pasquale-i/en.html
Stephen IV 22.VI.816 24.I.817,https://www.vatican.va/content/vatican/en/holy-father/stefano-iv--v.html,stephen-iv--v,https://www.vatican.va/content/stephen-iv--v/en.html
"Leo III 26,27.XII.795 12.VI.816",https://www.vatican.va/content/vatican/en/holy-father/leone-iii.html,leo-xiv,https://www.vatican.va/content/leo-xiv/en.html
"Adrian I 1,9.II.772 25.XII.795",https://www.vatican.va/content/vatican/en/holy-father/adriano-i.html,adrian-i,https://www.vatican.va/content/adrian-i/en.html
"Stephen III 1,7.VIII.768 24.I.772",https://www.vatican.va/content/vatican/en/holy-father/stefano-iii--iv.html,stephen-iii--iv,https://www.vatican.va/content/stephen-iii--iv/en.html
"Paul I ... IV, 29.V.757 28.VI.767",https://www.vatican.va/content/vatican/en/holy-father/paolo-i0.html,paul-i0,https://www.vatican.va/content/paul-i0/en.html
Stephen II 26.III.752 26.IV.757,https://www.vatican.va/content/vatican/en/holy-father/stefano-ii--iii.html,stephen-ii--iii,https://www.vatican.va/content/stephen-ii--iii/en.html
Zachary 3.XII.741 15.III.752,https://www.vatican.va/content/vatican/en/holy-father/zaccaria.html,zachary,https://www.vatican.va/content/zachary/en.html
Gregory III 18.III.731 28.XI.741,https://www.vatican.va/content/vatican/en/holy-father/gregorio-iii.html,gregory-iii,https://www.vatican.va/content/gregory-iii/en.html
Gregory II 19.V.715 11.II.731,https://www.vatican.va/content/vatican/en/holy-father/gregorio-ii.html,gregory-ii,https://www.vatican.va/content/gregory-ii/en.html
Constantine 25.III.708 9.IV.715,https://www.vatican.va/content/vatican/en/holy-father/costantino.html,constantine,https://www.vatican.va/content/constantine/en.html
Sisinnius 15.I.708 4.II.708,https://www.vatican.va/content/vatican/en/holy-father/sisinnio.html,sisinnio,https://www.vatican.va/content/sisinnio/en.html
John VII 1.III.705 18.X.707,https://www.vatican.va/content/vatican/en/holy-father/giovanni-vii.html,john-vii,https://www.vatican.va/content/john-vii/en.html
John VI 30.X.701 11.I.705,https://www.vatican.va/content/vatican/en/holy-father/giovanni-vi.html,john-vi,https://www.vatican.va/content/john-vi/en.html
Sergius I 15.XII.687 7.IX.701,https://www.vatican.va/content/vatican/en/holy-father/sergio-i.html,sergius-i,https://www.vatican.va/content/sergius-i/en.html
Conon 23.X.686 21.IX.687,https://www.vatican.va/content/vatican/en/holy-father/conone.html,conone,https://www.vatican.va/content/conone/en.html
John V 23.VII.685 2.VIII.686,https://www.vatican.va/content/vatican/en/holy-father/giovanni-v.html,john-v,https://www.vatican.va/content/john-v/en.html
Benedict II 26.VI.684 8.V.685,https://www.vatican.va/content/vatican/en/holy-father/benedetto-ii.html,benedict-ii,https://www.vatican.va/content/benedict-ii/en.html
"Leo II ... I.681, 17.VIII.682 3.VII.683",https://www.vatican.va/content/vatican/en/holy-father/leone-ii.html,leo-xiv,https://www.vatican.va/content/leo-xiv/en.html
Agatho 27.VI.678 10.I.681,https://www.vatican.va/content/vatican/en/holy-father/agatone.html,agatone,https://www.vatican.va/content/agatone/en.html
Donus 2.XI.676 11.IV.678,https://www.vatican.va/content/vatican/en/holy-father/dono.html,dono,https://www.vatican.va/content/dono/en.html
Adeodatus II 11.IV.672 16.VI.676,https://www.vatican.va/content/vatican/en/holy-father/adeodato-ii.html,adeodato-ii,https://www.vatican.va/content/adeodato-ii/en.html
Vitalian 30.VII.657 27.I.672,https://www.vatican.va/content/vatican/en/holy-father/vitaliano.html,vitaliano,https://www.vatican.va/content/vitaliano/en.html
Eugene I 10.VIII.654 2.VI.657,https://www.vatican.va/content/vatican/en/holy-father/eugenio-i.html,eugene-i,https://www.vatican.va/content/eugene-i/en.html
Martin I 5.VII.649 16.IX.655,https://www.vatican.va/content/vatican/en/holy-father/martino-i.html,martin-i,https://www.vatican.va/content/martin-i/en.html
"Theodore I 12.X, 24.XI.642 14.V.649",https://www.vatican.va/content/vatican/en/holy-father/teodoro-i.html,theodore-i,https://www.vatican.va/content/theodore-i/en.html
"John IV ... VIII, 24.XII.640 12.X.642",https://www.vatican.va/content/vatican/en/holy-father/giovanni-iv.html,john-iv,https://www.vatican.va/content/john-iv/en.html
"Severinus ... X.638, 28.V.640 2.VIII.640",https://www.vatican.va/content/vatican/en/holy-father/severino.html,severino,https://www.vatican.va/content/severino/en.html
Honorius I 27.X.625 12.X.638,https://www.vatican.va/content/vatican/en/holy-father/onorio-i.html,honorius-i,https://www.vatican.va/content/honorius-i/en.html
Boniface V 23.XII.619 23.X.625,https://www.vatican.va/content/vatican/en/holy-father/bonifacio-v.html,boniface-v,https://www.vatican.va/content/boniface-v/en.html
Deusdedit or Adeodatus I 19.X.615 8.XI.618,https://www.vatican.va/content/vatican/en/holy-father/deusdedit-o-adeodato-i.html,deusdedit-o-adeodato-i,https://www.vatican.va/content/deusdedit-o-adeodato-i/en.html
Boniface IV 25.VIII.608 8.V.615,https://www.vatican.va/content/vatican/en/holy-father/bonifacio-iv.html,boniface-iv,https://www.vatican.va/content/boniface-iv/en.html
Boniface III 19.II.607 10.XI.607,https://www.vatican.va/content/vatican/en/holy-father/bonifacio-iii.html,boniface-iii,https://www.vatican.va/content/boniface-iii/en.html
"Sabinian ... III, 13.IX.604 22.II.606",https://www.vatican.va/content/vatican/en/holy-father/sabiniano.html,sabiniano,https://www.vatican.va/content/sabiniano/en.html
Gregory I 3.IX.590 12.III.604,https://www.vatican.va/content/vatican/en/holy-father/gregorio-i--magno.html,gregory-i--magno,https://www.vatican.va/content/gregory-i--magno/en.html
Pelagius II 26.XI.579 7.II.590,https://www.vatican.va/content/vatican/en/holy-father/pelagio-ii.html,pelagius-ii,https://www.vatican.va/content/pelagius-ii/en.html
Benedict I 2.VI.575 30.VII.579,https://www.vatican.va/content/vatican/en/holy-father/benedetto-i.html,benedict-i,https://www.vatican.va/content/benedict-i/en.html
John III 17.VII.561 13.VII.574,https://www.vatican.va/content/vatican/en/holy-father/giovanni-iii.html,john-iii,https://www.vatican.va/content/john-iii/en.html
Pelagius I 16.IV.556 4.III.561,https://www.vatican.va/content/vatican/en/holy-father/pelagio-i.html,pelagius-i,https://www.vatican.va/content/pelagius-i/en.html
Vigilius 29.III.537 7.VI.555,https://www.vatican.va/content/vatican/en/holy-father/vigilio.html,vigilius,https://www.vatican.va/content/vigilius/en.html
Silverius 8.VI.536 ... 537,https://www.vatican.va/content/vatican/en/holy-father/silverio.html,silverio,https://www.vatican.va/content/silverio/en.html
Agapetus I 13.V.535 22.IV.536,https://www.vatican.va/content/vatican/en/holy-father/agapito-i.html,agapetus-i,https://www.vatican.va/content/agapetus-i/en.html
"John II 31.XII.532, 2.I.533 8.V.535",https://www.vatican.va/content/vatican/en/holy-father/giovanni-ii.html,john-ii,https://www.vatican.va/content/john-ii/en.html
Boniface II 20 o 22.IX.530 17.X.532,https://www.vatican.va/content/vatican/en/holy-father/bonifacio-ii.html,boniface-ii,https://www.vatican.va/content/boniface-ii/en.html
Felix IV 12.VII.526 20 or 22.IX.530,https://www.vatican.va/content/vatican/en/holy-father/felice-iv.html,felice-iv,https://www.vatican.va/content/felice-iv/en.html
John I 13.VIII.523 18.V.526,https://www.vatican.va/content/vatican/en/holy-father/giovanni-i.html,john-i,https://www.vatican.va/content/john-i/en.html
Hormisdas 20.VII.514 6.VIII.523,https://www.vatican.va/content/vatican/en/holy-father/ormisda.html,hormisdas,https://www.vatican.va/content/hormisdas/en.html
Symmachus 22.XI.498 19.VII.514,https://www.vatican.va/content/vatican/en/holy-father/simmaco.html,simmaco,https://www.vatican.va/content/simmaco/en.html
Anastasius II 24.XI.496 19.XI.498,https://www.vatican.va/content/vatican/en/holy-father/anastasio-ii.html,anastasius-ii,https://www.vatican.va/content/anastasius-ii/en.html
Gelasius I 1.III.492 21.XI.496,https://www.vatican.va/content/vatican/en/holy-father/gelasio-i.html,gelasio-i,https://www.vatican.va/content/gelasio-i/en.html
Felix III 13.III.483 25.II o 1.III.492,https://www.vatican.va/content/vatican/en/holy-father/felice-iii.html,felice-iii,https://www.vatican.va/content/felice-iii/en.html
Simplicius 3.III.468 10.III.483,https://www.vatican.va/content/vatican/en/holy-father/simplicio.html,simplicio,https://www.vatican.va/content/simplicio/en.html
Hilarius 19.XI.461 29.II.468,https://www.vatican.va/content/vatican/en/holy-father/ilario.html,ilario,https://www.vatican.va/content/ilario/en.html
Leo I 29.IX.440 10.XI.461,https://www.vatican.va/content/vatican/en/holy-father/leone-i--magno.html,leo-xiv,https://www.vatican.va/content/leo-xiv/en.html
Sixtus III 31.VII.432 19.VIII.440,https://www.vatican.va/content/vatican/en/holy-father/sisto-iii.html,sixtus-iii,https://www.vatican.va/content/sixtus-iii/en.html
Celestine I 10.IX.422 27.VII.432,https://www.vatican.va/content/vatican/en/holy-father/celestino-i.html,celestine-i,https://www.vatican.va/content/celestine-i/en.html
"Boniface I 28,29.XII.418 4.IX.422",https://www.vatican.va/content/vatican/en/holy-father/bonifacio-i.html,boniface-i,https://www.vatican.va/content/boniface-i/en.html
Zosimus 18.III.417 26.XII.418,https://www.vatican.va/content/vatican/en/holy-father/zosimo.html,zosimo,https://www.vatican.va/content/zosimo/en.html
Innocent I 22.XII.401 12.III.417,https://www.vatican.va/content/vatican/en/holy-father/innocenzo-i.html,innocent-i,https://www.vatican.va/content/innocent-i/en.html
Anastasius I 27.XI.399 19.XII.401,https://www.vatican.va/content/vatican/en/holy-father/anastasio-i.html,anastasius-i,https://www.vatican.va/content/anastasius-i/en.html
Siricius 15 o 22 o 29.XII.384 26.XI.399,https://www.vatican.va/content/vatican/en/holy-father/siricio.html,siricio,https://www.vatican.va/content/siricio/en.html
Damasus I 1.X.366 11.XII.384,https://www.vatican.va/content/vatican/en/holy-father/damaso-i.html,damasus-i,https://www.vatican.va/content/damasus-i/en.html
Liberius 17.V.352 24.IX.366,https://www.vatican.va/content/vatican/en/holy-father/liberio.html,liberio,https://www.vatican.va/content/liberio/en.html
Julius I 6.II.337 12.IV.352,https://www.vatican.va/content/vatican/en/holy-father/giulio-i.html,julius-i,https://www.vatican.va/content/julius-i/en.html
Mark 18.I.336 7.X.336,https://www.vatican.va/content/vatican/en/holy-father/marco.html,marco,https://www.vatican.va/content/marco/en.html
Sylvester I 31.I.314 31.XII.335,https://www.vatican.va/content/vatican/en/holy-father/silvestro-i.html,sylvester-i,https://www.vatican.va/content/sylvester-i/en.html
Miltiades or Melchiades 2.VII.311 10.I.314,https://www.vatican.va/content/vatican/en/holy-father/milziade-o-melchiade.html,milziade-o-melchiade,https://www.vatican.va/content/milziade-o-melchiade/en.html
Eusebius 18.IV.309 17.VIII.309,https://www.vatican.va/content/vatican/en/holy-father/eusebio.html,eusebio,https://www.vatican.va/content/eusebio/en.html
Marcellus I 306 16.I.309,https://www.vatican.va/content/vatican/en/holy-father/marcello-i.html,marcello-i,https://www.vatican.va/content/marcello-i/en.html
Marcellinus 30.VI.296 25.X.304,https://www.vatican.va/content/vatican/en/holy-father/marcellino.html,marcellino,https://www.vatican.va/content/marcellino/en.html
Caius 17.XII.283 22.IV.296,https://www.vatican.va/content/vatican/en/holy-father/caio.html,caio,https://www.vatican.va/content/caio/en.html
Eutichianus 4.I.275 7.XII.283,https://www.vatican.va/content/vatican/en/holy-father/eutichiano.html,eutichiano,https://www.vatican.va/content/eutichiano/en.html
Felix I 5.I.269 30.XII.274,https://www.vatican.va/content/vatican/en/holy-father/felice-i.html,felice-i,https://www.vatican.va/content/felice-i/en.html
Dionysius 22.VII.259 26.XII.268,https://www.vatican.va/content/vatican/en/holy-father/dionisio.html,dionisio,https://www.vatican.va/content/dionisio/en.html
Sixtus II 30.VIII.257 6.VIII.258,https://www.vatican.va/content/vatican/en/holy-father/sisto-ii.html,sixtus-ii,https://www.vatican.va/content/sixtus-ii/en.html
Stephen I 12.III.254 2.VIII.257,https://www.vatican.va/content/vatican/en/holy-father/stefano-i.html,stephen-i,https://www.vatican.va/content/stephen-i/en.html
Lucius I ... VI or VII.253 5.III.254,https://www.vatican.va/content/vatican/en/holy-father/lucio-i.html,lucius-i,https://www.vatican.va/content/lucius-i/en.html
Cornelius 6 or 13.III.251 ... VI.253,https://www.vatican.va/content/vatican/en/holy-father/cornelio.html,cornelio,https://www.vatican.va/content/cornelio/en.html
Fabian ... 236 20.I.250,https://www.vatican.va/content/vatican/en/holy-father/fabiano.html,fabiano,https://www.vatican.va/content/fabiano/en.html
Anterus 21.XI.235 3.I.236,https://www.vatican.va/content/vatican/en/holy-father/antero.html,antero,https://www.vatican.va/content/antero/en.html
Pontianus 21.VII.230 28.IX.235,https://www.vatican.va/content/vatican/en/holy-father/ponziano.html,ponziano,https://www.vatican.va/content/ponziano/en.html
Urban I 222 230,https://www.vatican.va/content/vatican/en/holy-father/urbano-i.html,urban-i,https://www.vatican.va/content/urban-i/en.html
Callistus I 218 222,https://www.vatican.va/content/vatican/en/holy-father/callisto-i.html,callixtus-i,https://www.vatican.va/content/callixtus-i/en.html
Zephyrinus 198 217 or 218,https://www.vatican.va/content/vatican/en/holy-father/zefirino.html,zefirino,https://www.vatican.va/content/zefirino/en.html
Victor I 186 or 189 197 or 201,https://www.vatican.va/content/vatican/en/holy-father/vittore-i.html,vittore-i,https://www.vatican.va/content/vittore-i/en.html
Eleutherius 171 or 177 185 or 193,https://www.vatican.va/content/vatican/en/holy-father/eleuterio.html,eleuterio,https://www.vatican.va/content/eleuterio/en.html
Soterus 162 or 168 170 or 177,https://www.vatican.va/content/vatican/en/holy-father/sotero.html,sotero,https://www.vatican.va/content/sotero/en.html
Anicetus 150 or 157 153 or 168,https://www.vatican.va/content/vatican/en/holy-father/aniceto.html,aniceto,https://www.vatican.va/content/aniceto/en.html
Pius I 142 or 146 157 or 161,https://www.vatican.va/content/vatican/en/holy-father/pio-i.html,pius-i,https://www.vatican.va/content/pius-i/en.html
Hyginus 138 142 or 149,https://www.vatican.va/content/vatican/en/holy-father/igino.html,igino,https://www.vatican.va/content/igino/en.html
Telesphorus 127 or 128 137 or 138,https://www.vatican.va/content/vatican/en/holy-father/telesforo.html,telesforo,https://www.vatican.va/content/telesforo/en.html
Sixtus I 117 or 119 126 or 128,https://www.vatican.va/content/vatican/en/holy-father/sisto-i.html,sixtus-i,https://www.vatican.va/content/sixtus-i/en.html
Alexander I 108 or 109 116 or 119,https://www.vatican.va/content/vatican/en/holy-father/alessandro-i.html,alexander-i,https://www.vatican.va/content/alexander-i/en.html
Evaristus 99 or 96 108,https://www.vatican.va/content/vatican/en/holy-father/evaristo.html,evaristo,https://www.vatican.va/content/evaristo/en.html
Clement 92 99,https://www.vatican.va/content/vatican/en/holy-father/clemente.html,clement,https://www.vatican.va/content/clement/en.html
Anacletus or Cletus 80 92,https://www.vatican.va/content/vatican/en/holy-father/anacleto-o-cleto.html,anacleto-o-cleto,https://www.vatican.va/content/anacleto-o-cleto/en.html
Linus 68 79,https://www.vatican.va/content/vatican/en/holy-father/papa-lino.html,papa-lino,https://www.vatican.va/content/papa-lino/en.html
Peter 64 or 67,https://www.vatican.va/content/vatican/en/holy-father/san-pietro.html,san-pietro,https://www.vatican.va/content/san-pietro/en.html
